{
"meta":{"test_sets":[],"test_metrics":[],"learn_metrics":[{"best_value":"Min","name":"MultiClass"}],"launch_mode":"Train","parameters":"","iteration_count":400,"learn_sets":["learn"],"name":"experiment"},
"iterations":[
{"learn":[2.285347535],"iteration":0,"passed_time":0.7251898569,"remaining_time":289.3507529},
{"learn":[2.04126826],"iteration":1,"passed_time":1.420811959,"remaining_time":282.7415798},
{"learn":[1.850755248],"iteration":2,"passed_time":1.963859488,"remaining_time":259.8840723},
{"learn":[1.695277166],"iteration":3,"passed_time":2.585136873,"remaining_time":255.9285504},
{"learn":[1.584926843],"iteration":4,"passed_time":3.14686103,"remaining_time":248.6020214},
{"learn":[1.476579486],"iteration":5,"passed_time":3.482601904,"remaining_time":228.6908584},
{"learn":[1.398561575],"iteration":6,"passed_time":4.052864475,"remaining_time":227.5393912},
{"learn":[1.330468691],"iteration":7,"passed_time":4.470978608,"remaining_time":219.0779518},
{"learn":[1.268076701],"iteration":8,"passed_time":4.894180756,"remaining_time":212.624964},
{"learn":[1.216094118],"iteration":9,"passed_time":5.264563375,"remaining_time":205.3179716},
{"learn":[1.175751842],"iteration":10,"passed_time":5.641607205,"remaining_time":199.5077457},
{"learn":[1.140226813],"iteration":11,"passed_time":6.201995831,"remaining_time":200.5311985},
{"learn":[1.099727255],"iteration":12,"passed_time":6.638000315,"remaining_time":197.6081632},
{"learn":[1.070150413],"iteration":13,"passed_time":7.036430656,"remaining_time":194.0044452},
{"learn":[1.042192201],"iteration":14,"passed_time":7.429438402,"remaining_time":190.688919},
{"learn":[1.010916832],"iteration":15,"passed_time":7.720758002,"remaining_time":185.2981921},
{"learn":[0.984236753],"iteration":16,"passed_time":8.103874856,"remaining_time":182.5755335},
{"learn":[0.9578567899],"iteration":17,"passed_time":8.658857159,"remaining_time":183.7601908},
{"learn":[0.9341284872],"iteration":18,"passed_time":9.336758252,"remaining_time":187.2265734},
{"learn":[0.9170808894],"iteration":19,"passed_time":9.906992691,"remaining_time":188.2328611},
{"learn":[0.9006391812],"iteration":20,"passed_time":10.24971534,"remaining_time":184.9829579},
{"learn":[0.879519737],"iteration":21,"passed_time":10.65498912,"remaining_time":183.0720858},
{"learn":[0.8634845076],"iteration":22,"passed_time":11.34953959,"remaining_time":186.0337577},
{"learn":[0.8493406032],"iteration":23,"passed_time":11.99917578,"remaining_time":187.9870872},
{"learn":[0.836610483],"iteration":24,"passed_time":12.59957671,"remaining_time":188.9936506},
{"learn":[0.8255969867],"iteration":25,"passed_time":13.10902549,"remaining_time":188.5682898},
{"learn":[0.814313576],"iteration":26,"passed_time":13.76881452,"remaining_time":190.2136228},
{"learn":[0.8058164531],"iteration":27,"passed_time":14.27406653,"remaining_time":189.6411696},
{"learn":[0.795417208],"iteration":28,"passed_time":14.80953944,"remaining_time":189.4599701},
{"learn":[0.7830704393],"iteration":29,"passed_time":15.37080474,"remaining_time":189.5732585},
{"learn":[0.7745461478],"iteration":30,"passed_time":16.0032957,"remaining_time":190.4908424},
{"learn":[0.7656805016],"iteration":31,"passed_time":16.42852433,"remaining_time":188.9280298},
{"learn":[0.7560792296],"iteration":32,"passed_time":16.93778852,"remaining_time":188.3687389},
{"learn":[0.7453622139],"iteration":33,"passed_time":17.6582005,"remaining_time":190.0853348},
{"learn":[0.7385506626],"iteration":34,"passed_time":17.99261859,"remaining_time":187.6373082},
{"learn":[0.7319062101],"iteration":35,"passed_time":18.72802478,"remaining_time":189.3611394},
{"learn":[0.7219066505],"iteration":36,"passed_time":19.07573864,"remaining_time":187.1484628},
{"learn":[0.7155114453],"iteration":37,"passed_time":19.57744191,"remaining_time":186.500894},
{"learn":[0.7088349266],"iteration":38,"passed_time":20.00188243,"remaining_time":185.1456297},
{"learn":[0.7011904228],"iteration":39,"passed_time":20.5759294,"remaining_time":185.1833646},
{"learn":[0.6934604799],"iteration":40,"passed_time":21.18463639,"remaining_time":185.494743},
{"learn":[0.6868943125],"iteration":41,"passed_time":21.82950648,"remaining_time":186.0705552},
{"learn":[0.6813643498],"iteration":42,"passed_time":22.38511734,"remaining_time":185.8485323},
{"learn":[0.6755331193],"iteration":43,"passed_time":23.15909775,"remaining_time":187.3781545},
{"learn":[0.6689240146],"iteration":44,"passed_time":23.88444189,"remaining_time":188.4217083},
{"learn":[0.6628000775],"iteration":45,"passed_time":24.41251335,"remaining_time":187.8702115},
{"learn":[0.6591208177],"iteration":46,"passed_time":24.85801074,"remaining_time":186.6995275},
{"learn":[0.6539983873],"iteration":47,"passed_time":25.40330058,"remaining_time":186.2908709},
{"learn":[0.6484023799],"iteration":48,"passed_time":25.99704727,"remaining_time":186.2237468},
{"learn":[0.6419778042],"iteration":49,"passed_time":26.37958533,"remaining_time":184.6570973},
{"learn":[0.6382992299],"iteration":50,"passed_time":26.958681,"remaining_time":184.4819543},
{"learn":[0.6357278688],"iteration":51,"passed_time":27.4201643,"remaining_time":183.5041765},
{"learn":[0.6322245847],"iteration":52,"passed_time":27.86170431,"remaining_time":182.4153093},
{"learn":[0.6286709368],"iteration":53,"passed_time":28.31270808,"remaining_time":181.4110555},
{"learn":[0.6239294084],"iteration":54,"passed_time":28.67213593,"remaining_time":179.852489},
{"learn":[0.6186153054],"iteration":55,"passed_time":29.13847285,"remaining_time":178.9934761},
{"learn":[0.6133152857],"iteration":56,"passed_time":29.66118671,"remaining_time":178.4874919},
{"learn":[0.6101957035],"iteration":57,"passed_time":30.32100275,"remaining_time":178.7893611},
{"learn":[0.6065682508],"iteration":58,"passed_time":30.84038044,"remaining_time":178.2469446},
{"learn":[0.603661964],"iteration":59,"passed_time":31.56141294,"remaining_time":178.8480067},
{"learn":[0.6004263539],"iteration":60,"passed_time":32.12795383,"remaining_time":178.5471533},
{"learn":[0.5966867755],"iteration":61,"passed_time":32.52147497,"remaining_time":177.2944926},
{"learn":[0.5916160711],"iteration":62,"passed_time":32.91759584,"remaining_time":176.0830127},
{"learn":[0.5888954563],"iteration":63,"passed_time":33.22677515,"remaining_time":174.4405695},
{"learn":[0.585251923],"iteration":64,"passed_time":33.59725692,"remaining_time":173.1550934},
{"learn":[0.5819605007],"iteration":65,"passed_time":34.23509788,"remaining_time":173.2503438},
{"learn":[0.5786699772],"iteration":66,"passed_time":34.66531766,"remaining_time":172.2918027},
{"learn":[0.5756479243],"iteration":67,"passed_time":35.10877138,"remaining_time":171.4134132},
{"learn":[0.5726981333],"iteration":68,"passed_time":35.56106617,"remaining_time":170.5900421},
{"learn":[0.5690702493],"iteration":69,"passed_time":36.09092045,"remaining_time":170.1429107},
{"learn":[0.5674174067],"iteration":70,"passed_time":36.54257577,"remaining_time":169.3310905},
{"learn":[0.5650163289],"iteration":71,"passed_time":37.17203107,"remaining_time":169.3392527},
{"learn":[0.5624876934],"iteration":72,"passed_time":37.85524319,"remaining_time":169.5707469},
{"learn":[0.5596394185],"iteration":73,"passed_time":38.41524905,"remaining_time":169.2347458},
{"learn":[0.5562236576],"iteration":74,"passed_time":39.0259029,"remaining_time":169.1122459},
{"learn":[0.5517187956],"iteration":75,"passed_time":39.46943213,"remaining_time":168.2644212},
{"learn":[0.5490595156],"iteration":76,"passed_time":40.0748208,"remaining_time":168.1060665},
{"learn":[0.5456032023],"iteration":77,"passed_time":40.42167288,"remaining_time":166.8689573},
{"learn":[0.5425886655],"iteration":78,"passed_time":40.86527081,"remaining_time":166.0474928},
{"learn":[0.5405270732],"iteration":79,"passed_time":41.31568569,"remaining_time":165.2627428},
{"learn":[0.5379640747],"iteration":80,"passed_time":41.72843302,"remaining_time":164.3379029},
{"learn":[0.5349656748],"iteration":81,"passed_time":42.20673541,"remaining_time":163.6797788},
{"learn":[0.5328765251],"iteration":82,"passed_time":42.64677884,"remaining_time":162.8798662},
{"learn":[0.5306924244],"iteration":83,"passed_time":43.14294469,"remaining_time":162.2996491},
{"learn":[0.5280678502],"iteration":84,"passed_time":43.47005562,"remaining_time":161.094912},
{"learn":[0.5266921341],"iteration":85,"passed_time":43.92128524,"remaining_time":160.3637624},
{"learn":[0.5239073796],"iteration":86,"passed_time":44.26727871,"remaining_time":159.2604395},
{"learn":[0.5203692904],"iteration":87,"passed_time":44.7179356,"remaining_time":158.545408},
{"learn":[0.5168157945],"iteration":88,"passed_time":45.15101353,"remaining_time":157.77489},
{"learn":[0.5137785499],"iteration":89,"passed_time":45.48190307,"remaining_time":156.6598884},
{"learn":[0.5115695281],"iteration":90,"passed_time":45.78343056,"remaining_time":155.4624181},
{"learn":[0.509514927],"iteration":91,"passed_time":46.34256265,"remaining_time":155.1468402},
{"learn":[0.5076824894],"iteration":92,"passed_time":46.71696907,"remaining_time":154.2162312},
{"learn":[0.505504598],"iteration":93,"passed_time":47.28460515,"remaining_time":153.9264806},
{"learn":[0.5026498043],"iteration":94,"passed_time":47.80647344,"remaining_time":153.483941},
{"learn":[0.501246549],"iteration":95,"passed_time":48.26080452,"remaining_time":152.825881},
{"learn":[0.4984013741],"iteration":96,"passed_time":48.70745304,"remaining_time":152.1480234},
{"learn":[0.4964105743],"iteration":97,"passed_time":49.17184762,"remaining_time":151.5295712},
{"learn":[0.4949140264],"iteration":98,"passed_time":49.49077865,"remaining_time":150.4719634},
{"learn":[0.4926202591],"iteration":99,"passed_time":49.93399025,"remaining_time":149.8019708},
{"learn":[0.4910607467],"iteration":100,"passed_time":50.50521975,"remaining_time":149.5154525},
{"learn":[0.489807688],"iteration":101,"passed_time":51.01452153,"remaining_time":149.0424257},
{"learn":[0.4881311234],"iteration":102,"passed_time":51.49896974,"remaining_time":148.4970292},
{"learn":[0.4869073166],"iteration":103,"passed_time":51.98145935,"remaining_time":147.9472304},
{"learn":[0.4851022142],"iteration":104,"passed_time":52.60756782,"remaining_time":147.8022143},
{"learn":[0.482255157],"iteration":105,"passed_time":53.00344888,"remaining_time":147.0095658},
{"learn":[0.4801991605],"iteration":106,"passed_time":53.45173599,"remaining_time":146.3678378},
{"learn":[0.4778276014],"iteration":107,"passed_time":54.02997407,"remaining_time":146.081041},
{"learn":[0.4755669529],"iteration":108,"passed_time":54.47967597,"remaining_time":145.4457404},
{"learn":[0.4735265412],"iteration":109,"passed_time":54.98864992,"remaining_time":144.9700771},
{"learn":[0.4715569952],"iteration":110,"passed_time":55.4781901,"remaining_time":144.4432157},
{"learn":[0.4698247744],"iteration":111,"passed_time":55.84134819,"remaining_time":143.5920382},
{"learn":[0.4679446136],"iteration":112,"passed_time":56.23844302,"remaining_time":142.8356916},
{"learn":[0.4665671201],"iteration":113,"passed_time":56.69405893,"remaining_time":142.2324636},
{"learn":[0.4648890412],"iteration":114,"passed_time":57.28832891,"remaining_time":141.9754238},
{"learn":[0.4624899881],"iteration":115,"passed_time":57.8252268,"remaining_time":141.572107},
{"learn":[0.4614867542],"iteration":116,"passed_time":58.21848995,"remaining_time":140.8190825},
{"learn":[0.4602421038],"iteration":117,"passed_time":58.55761794,"remaining_time":139.9427818},
{"learn":[0.4584217813],"iteration":118,"passed_time":58.87749385,"remaining_time":139.0300485},
{"learn":[0.4573663382],"iteration":119,"passed_time":59.33478122,"remaining_time":138.4478228},
{"learn":[0.4561957903],"iteration":120,"passed_time":59.96290706,"remaining_time":138.2615791},
{"learn":[0.4550045248],"iteration":121,"passed_time":60.4264526,"remaining_time":137.6930641},
{"learn":[0.452958462],"iteration":122,"passed_time":60.88150782,"remaining_time":137.1071355},
{"learn":[0.4518487085],"iteration":123,"passed_time":61.3702677,"remaining_time":136.5983378},
{"learn":[0.4505603674],"iteration":124,"passed_time":61.86969796,"remaining_time":136.1133355},
{"learn":[0.4485526966],"iteration":125,"passed_time":62.22546342,"remaining_time":135.3156903},
{"learn":[0.4471663967],"iteration":126,"passed_time":62.60497277,"remaining_time":134.5760438},
{"learn":[0.4444653705],"iteration":127,"passed_time":63.10489204,"remaining_time":134.0978956},
{"learn":[0.4422812087],"iteration":128,"passed_time":63.53449796,"remaining_time":133.4716973},
{"learn":[0.4406937427],"iteration":129,"passed_time":64.00526839,"remaining_time":132.934019},
{"learn":[0.4387729876],"iteration":130,"passed_time":64.50632602,"remaining_time":132.459555},
{"learn":[0.4376707129],"iteration":131,"passed_time":64.78662017,"remaining_time":131.5364713},
{"learn":[0.4364577038],"iteration":132,"passed_time":65.02394651,"remaining_time":130.5367949},
{"learn":[0.4350897121],"iteration":133,"passed_time":65.46605719,"remaining_time":129.955009},
{"learn":[0.4337821277],"iteration":134,"passed_time":65.83959939,"remaining_time":129.2406951},
{"learn":[0.4319429272],"iteration":135,"passed_time":66.41847347,"remaining_time":128.9299779},
{"learn":[0.4306945179],"iteration":136,"passed_time":67.0151291,"remaining_time":128.6494814},
{"learn":[0.4292607448],"iteration":137,"passed_time":67.35792294,"remaining_time":127.8824334},
{"learn":[0.4278734448],"iteration":138,"passed_time":67.83782889,"remaining_time":127.3789449},
{"learn":[0.4260627163],"iteration":139,"passed_time":68.17813372,"remaining_time":126.6165341},
{"learn":[0.4245413371],"iteration":140,"passed_time":68.64642321,"remaining_time":126.0952029},
{"learn":[0.4230798046],"iteration":141,"passed_time":69.23165438,"remaining_time":125.7870904},
{"learn":[0.4219214324],"iteration":142,"passed_time":69.58000978,"remaining_time":125.0493882},
{"learn":[0.4210364022],"iteration":143,"passed_time":70.03388719,"remaining_time":124.5046883},
{"learn":[0.4196858082],"iteration":144,"passed_time":70.48140422,"remaining_time":123.9500557},
{"learn":[0.4188756529],"iteration":145,"passed_time":71.21649248,"remaining_time":123.8971856},
{"learn":[0.4171238881],"iteration":146,"passed_time":71.85766873,"remaining_time":123.6734026},
{"learn":[0.4152612636],"iteration":147,"passed_time":72.26251774,"remaining_time":123.0415843},
{"learn":[0.41430008],"iteration":148,"passed_time":72.69976308,"remaining_time":122.4673861},
{"learn":[0.4123769402],"iteration":149,"passed_time":73.13472225,"remaining_time":121.8912038},
{"learn":[0.4108882391],"iteration":150,"passed_time":73.52578885,"remaining_time":121.2445127},
{"learn":[0.4095303432],"iteration":151,"passed_time":74.03289233,"remaining_time":120.7905085},
{"learn":[0.4086341907],"iteration":152,"passed_time":74.26191044,"remaining_time":119.886875},
{"learn":[0.4073645919],"iteration":153,"passed_time":74.74542324,"remaining_time":119.3985332},
{"learn":[0.4059866782],"iteration":154,"passed_time":75.38308665,"remaining_time":119.1539112},
{"learn":[0.4049361088],"iteration":155,"passed_time":76.14969277,"remaining_time":119.1059297},
{"learn":[0.4039884933],"iteration":156,"passed_time":76.81869691,"remaining_time":118.8977283},
{"learn":[0.4025691229],"iteration":157,"passed_time":77.22500536,"remaining_time":118.2813373},
{"learn":[0.4008235912],"iteration":158,"passed_time":77.66379985,"remaining_time":117.7168287},
{"learn":[0.3995033584],"iteration":159,"passed_time":78.11975543,"remaining_time":117.1796331},
{"learn":[0.3982561918],"iteration":160,"passed_time":78.54818604,"remaining_time":116.6025867},
{"learn":[0.3964147772],"iteration":161,"passed_time":78.99696842,"remaining_time":116.0572746},
{"learn":[0.3949598541],"iteration":162,"passed_time":79.42543946,"remaining_time":115.4836144},
{"learn":[0.3934880314],"iteration":163,"passed_time":80.07329892,"remaining_time":115.2274302},
{"learn":[0.3921432807],"iteration":164,"passed_time":80.46757293,"remaining_time":114.6053311},
{"learn":[0.3905662145],"iteration":165,"passed_time":80.76276227,"remaining_time":113.8463034},
{"learn":[0.3890406913],"iteration":166,"passed_time":81.22732203,"remaining_time":113.3291379},
{"learn":[0.3880765857],"iteration":167,"passed_time":81.57372202,"remaining_time":112.6494256},
{"learn":[0.3869358089],"iteration":168,"passed_time":81.97054111,"remaining_time":112.0425739},
{"learn":[0.3858878688],"iteration":169,"passed_time":82.26600515,"remaining_time":111.3010658},
{"learn":[0.383853503],"iteration":170,"passed_time":82.65802709,"remaining_time":110.6940831},
{"learn":[0.3825123569],"iteration":171,"passed_time":83.07054041,"remaining_time":110.1167629},
{"learn":[0.3812038699],"iteration":172,"passed_time":83.5990431,"remaining_time":109.6935421},
{"learn":[0.3804621332],"iteration":173,"passed_time":83.93648796,"remaining_time":109.0209556},
{"learn":[0.3789556158],"iteration":174,"passed_time":84.51086016,"remaining_time":108.6568202},
{"learn":[0.377990909],"iteration":175,"passed_time":85.05041625,"remaining_time":108.2459843},
{"learn":[0.3768581581],"iteration":176,"passed_time":85.42744684,"remaining_time":107.6289302},
{"learn":[0.3757150756],"iteration":177,"passed_time":85.78508854,"remaining_time":106.9903913},
{"learn":[0.3742487892],"iteration":178,"passed_time":86.07475227,"remaining_time":106.2710629},
{"learn":[0.3732164509],"iteration":179,"passed_time":86.61602597,"remaining_time":105.8640317},
{"learn":[0.3722315909],"iteration":180,"passed_time":86.94564484,"remaining_time":105.1994266},
{"learn":[0.3712460186],"iteration":181,"passed_time":87.320064,"remaining_time":104.5921646},
{"learn":[0.3697707979],"iteration":182,"passed_time":87.72939192,"remaining_time":104.0288418},
{"learn":[0.3686189561],"iteration":183,"passed_time":88.17215266,"remaining_time":103.5064401},
{"learn":[0.3672854073],"iteration":184,"passed_time":88.43759994,"remaining_time":102.7788324},
{"learn":[0.3659707941],"iteration":185,"passed_time":88.92766964,"remaining_time":102.3146307},
{"learn":[0.3649237649],"iteration":186,"passed_time":89.16715948,"remaining_time":101,
{"learn,
{"learn":[0.364351903],"iteration":187,"passed_time":89.65482416,"remaining_time":101.,
{"lear,
{"learn":[0.3634608254],"iteration":188,"passed_time":89.99783446,"remaining_time":100,
{"learn":[0.2708570875],"iteration":189,"passed_time":117.384418,"remaining_time":129.7406725},
{"learn":[0.2700384342],"iteration":190,"passed_time":117.9189617,"remaining_time":129.0317434},
{"learn":[0.2691167307],"iteration":191,"passed_time":118.4969947,"remaining_time":128.3717443},
{"learn":[0.2685777992],"iteration":192,"passed_time":119.0145999,"remaining_time":127.6477833},
{"learn":[0.2671367244],"iteration":193,"passed_time":119.6194026,"remaining_time":127.0185409},
{"learn":[0.2659406188],"iteration":194,"passed_time":120.1097248,"remaining_time":126.2691979},
{"learn":[0.2646938233],"iteration":195,"passed_time":120.4936184,"remaining_time":125.4117252},
{"learn":[0.2636967971],"iteration":196,"passed_time":121.1090102,"remaining_time":124.7976095},
{"learn":[0.2630169649],"iteration":197,"passed_time":121.5574032,"remaining_time":124.0131084},
{"learn":[0.262668994],"iteration":198,"passed_time":122.0413555,"remaining_time":123.2679018},
{"learn":[0.2621686615],"iteration":199,"passed_time":122.4708538,"remaining_time":122.4708538},
{"learn":[0.2617624783],"iteration":200,"passed_time":122.7769346,"remaining_time":121.5552736},
{"learn":[0.2607867488],"iteration":201,"passed_time":123.2456669,"remaining_time":120.8051586},
{"learn":[0.2601079441],"iteration":202,"passed_time":123.7551822,"remaining_time":120.0973936},
{"learn":[0.2589423803],"iteration":203,"passed_time":124.2038118,"remaining_time":119.3330741},
{"learn":[0.2578748734],"iteration":204,"passed_time":124.737792,"remaining_time":118.6530217},
{"learn":[0.2570587948],"iteration":205,"passed_time":125.2746583,"remaining_time":117.9771053},
{"learn":[0.2563524899],"iteration":206,"passed_time":125.8114074,"remaining_time":117.3024233},
{"learn":[0.2558260597],"iteration":207,"passed_time":126.6399106,"remaining_time":116.898379},
{"learn":[0.254907395],"iteration":208,"passed_time":127.2390582,"remaining_time":116.2806704},
{"learn":[0.2536608651],"iteration":209,"passed_time":127.6858446,"remaining_time":115.5252879},
{"learn":[0.2523709827],"iteration":210,"passed_time":128.2041555,"remaining_time":114.8368976},
{"learn":[0.2515486044],"iteration":211,"passed_time":128.9649457,"remaining_time":114.3651405},
{"learn":[0.2509545785],"iteration":212,"passed_time":129.4233577,"remaining_time":113.6252014},
{"learn":[0.2500051517],"iteration":213,"passed_time":129.7627915,"remaining_time":112.7844824},
{"learn":[0.2489866689],"iteration":214,"passed_time":130.2200161,"remaining_time":112.0497813},
{"learn":[0.248294932],"iteration":215,"passed_time":130.7156405,"remaining_time":111.3503604},
{"learn":[0.2474877155],"iteration":216,"passed_time":131.1503391,"remaining_time":110.6014381},
{"learn":[0.2467509014],"iteration":217,"passed_time":131.610687,"remaining_time":109.8768121},
{"learn":[0.2456815562],"iteration":218,"passed_time":131.9892964,"remaining_time":109.087044},
{"learn":[0.2452327065],"iteration":219,"passed_time":132.5829726,"remaining_time":108.4769776},
{"learn":[0.2446365272],"iteration":220,"passed_time":132.984657,"remaining_time":107.7115548},
{"learn":[0.243471323],"iteration":221,"passed_time":133.5175175,"remaining_time":107.0545861},
{"learn":[0.2426933977],"iteration":222,"passed_time":134.188097,"remaining_time":106.5080411},
{"learn":[0.240953861],"iteration":223,"passed_time":134.6264728,"remaining_time":105.7779429},
{"learn":[0.2401166364],"iteration":224,"passed_time":134.9375455,"remaining_time":104.9514243},
{"learn":[0.239296373],"iteration":225,"passed_time":135.5101629,"remaining_time":104.3308334},
{"learn":[0.2388842037],"iteration":226,"passed_time":135.9647623,"remaining_time":103.6207219},
{"learn":[0.2379280945],"iteration":227,"passed_time":136.4127886,"remaining_time":102.9078931},
{"learn":[0.2372225565],"iteration":228,"passed_time":136.799892,"remaining_time":102.1518844},
{"learn":[0.2363526932],"iteration":229,"passed_time":137.131896,"remaining_time":101.3583579},
{"learn":[0.2356156656],"iteration":230,"passed_time":137.7018771,"remaining_time":100.7429318},
{"learn":[0.2347766999],"iteration":231,"passed_time":138.3454211,"remaining_time":100.181167},
{"learn":[0.2340649061],"iteration":232,"passed_time":139.1485736,"remaining_time":99.7330978},
{"learn":[0.2335215174],"iteration":233,"passed_time":139.7402512,"remaining_time":99.13197304},
{"learn":[0.2323696289],"iteration":234,"passed_time":140.6091644,"remaining_time":98.72558348},
{"learn":[0.2318612507],"iteration":235,"passed_time":141.5400528,"remaining_time":98.35834176},
{"learn":[0.231143351],"iteration":236,"passed_time":142.1516705,"remaining_time":97.76676072},
{"learn":[0.2307079308],"iteration":237,"passed_time":142.6158903,"remaining_time":97.07468161},
{"learn":[0.2300673131],"iteration":238,"passed_time":143.3955928,"remaining_time":96.59703113},
{"learn":[0.2294884927],"iteration":239,"passed_time":143.8249311,"remaining_time":95.88328742},
{"learn":[0.2290046086],"iteration":240,"passed_time":144.3335133,"remaining_time":95.22418512},
{"learn":[0.2281520869],"iteration":241,"passed_time":144.8471718,"remaining_time":94.56964109},
{"learn":[0.2277517614],"iteration":242,"passed_time":145.3396686,"remaining_time":93.90258423},
{"learn":[0.2266225373],"iteration":243,"passed_time":145.7554384,"remaining_time":93.18790323},
{"learn":[0.2257203012],"iteration":244,"passed_time":146.189129,"remaining_time":92.48699999},
{"learn":[0.2250716794],"iteration":245,"passed_time":146.5036086,"remaining_time":91.71364118},
{"learn":[0.224356066],"iteration":246,"passed_time":147.0272545,"remaining_time":91.07356248},
{"learn":[0.2236535149],"iteration":247,"passed_time":147.6408088,"remaining_time":90.48952799},
{"learn":[0.2220805804],"iteration":248,"passed_time":148.3727376,"remaining_time":89.97704166},
{"learn":[0.2215995861],"iteration":249,"passed_time":148.6260099,"remaining_time":89.17560594},
{"learn":[0.2205275838],"iteration":250,"passed_time":148.9564063,"remaining_time":88.42432086},
{"learn":[0.2198980108],"iteration":251,"passed_time":149.2871028,"remaining_time":87.67655246},
{"learn":[0.2189817644],"iteration":252,"passed_time":149.7099747,"remaining_time":86.98563748},
{"learn":[0.2186822814],"iteration":253,"passed_time":150.0013879,"remaining_time":86.22127022},
{"learn":[0.2183942107],"iteration":254,"passed_time":150.4520256,"remaining_time":85.55115183},
{"learn":[0.2174955969],"iteration":255,"passed_time":150.9567559,"remaining_time":84.91317521},
{"learn":[0.2168036597],"iteration":256,"passed_time":151.4090348,"remaining_time":84.24705046},
{"learn":[0.2160506852],"iteration":257,"passed_time":151.7223011,"remaining_time":83.50607267},
{"learn":[0.2152555061],"iteration":258,"passed_time":152.0204942,"remaining_time":82.76019184},
{"learn":[0.214477422],"iteration":259,"passed_time":152.5180025,"remaining_time":82.12507828},
{"learn":[0.2139716936],"iteration":260,"passed_time":152.9419641,"remaining_time":81.4518506},
{"learn":[0.2133209052],"iteration":261,"passed_time":153.5095849,"remaining_time":80.85619355},
{"learn":[0.2126526551],"iteration":262,"passed_time":154.1302172,"remaining_time":80.28836411},
{"learn":[0.2122384832],"iteration":263,"passed_time":154.5351889,"remaining_time":79.60903669},
{"learn":[0.2111769909],"iteration":264,"passed_time":154.9491321,"remaining_time":78.9363503},
{"learn":[0.2105363898],"iteration":265,"passed_time":155.3520457,"remaining_time":78.26005312},
{"learn":[0.2096753749],"iteration":266,"passed_time":155.5067862,"remaining_time":77.4621819},
{"learn":[0.2086591631],"iteration":267,"passed_time":155.7533404,"remaining_time":76.71433186},
{"learn":[0.2075887192],"iteration":268,"passed_time":155.998171,"remaining_time":75.96936951},
{"learn":[0.2065541449],"iteration":269,"passed_time":156.4029557,"remaining_time":75.30512682},
{"learn":[0.2055519916],"iteration":270,"passed_time":156.8922611,"remaining_time":74.68303203},
{"learn":[0.2045262286],"iteration":271,"passed_time":157.249001,"remaining_time":73.99952989},
{"learn":[0.2035386978],"iteration":272,"passed_time":157.5917456,"remaining_time":73.31191096},
{"learn":[0.202729681],"iteration":273,"passed_time":157.924227,"remaining_time":72.62208977},
{"learn":[0.201993695],"iteration":274,"passed_time":158.2529591,"remaining_time":71.93316321},
{"learn":[0.2013707768],"iteration":275,"passed_time":158.8101652,"remaining_time":71.34949453},
{"learn":[0.2008901082],"iteration":276,"passed_time":159.185703,"remaining_time":70.68534827},
{"learn":[0.2007156744],"iteration":277,"passed_time":159.6534046,"remaining_time":70.06372432},
{"learn":[0.2002902309],"iteration":278,"passed_time":160.1810338,"remaining_time":69.46919386},
{"learn":[0.1998457077],"iteration":279,"passed_time":160.5074377,"remaining_time":68.78890189},
{"learn":[0.1991974469],"iteration":280,"passed_time":160.8785007,"remaining_time":68.13004123},
{"learn":[0.1990262322],"iteration":281,"passed_time":161.2941402,"remaining_time":67.49187429},
{"learn":[0.1984491527],"iteration":282,"passed_time":161.6761787,"remaining_time":66.84138836},
{"learn":[0.1978006523],"iteration":283,"passed_time":162.1219733,"remaining_time":66.21883416},
{"learn":[0.1971953965],"iteration":284,"passed_time":162.4349827,"remaining_time":65.54394039},
{"learn":[0.196152028],"iteration":285,"passed_time":162.898379,"remaining_time":64.93152172},
{"learn":[0.1954960498],"iteration":286,"passed_time":163.4690817,"remaining_time":64.36239105},
{"learn":[0.1946949106],"iteration":287,"passed_time":163.8651278,"remaining_time":63.72532749},
{"learn":[0.1938905288],"iteration":288,"passed_time":164.3920763,"remaining_time":63.14020925},
{"learn":[0.1934965449],"iteration":289,"passed_time":164.8315562,"remaining_time":62.52231442},
{"learn":[0.1926619808],"iteration":290,"passed_time":165.1884114,"remaining_time":61.87469704},
{"learn":[0.1916989524],"iteration":291,"passed_time":165.4860385,"remaining_time":61.20716492},
{"learn":[0.1906944081],"iteration":292,"passed_time":165.7374107,"remaining_time":60.52526602},
{"learn":[0.1903877946],"iteration":293,"passed_time":166.2707553,"remaining_time":59.94795939},
{"learn":[0.1899614409],"iteration":294,"passed_time":166.6220717,"remaining_time":59.30616112},
{"learn":[0.189520945],"iteration":295,"passed_time":167.0094893,"remaining_time":58.67900975},
{"learn":[0.1890973873],"iteration":296,"passed_time":167.3997813,"remaining_time":58.05446961},
{"learn":[0.1886323498],"iteration":297,"passed_time":167.6385373,"remaining_time":57.37963358},
{"learn":[0.1878729611],"iteration":298,"passed_time":167.9164148,"remaining_time":56.72092941},
{"learn":[0.1875029517],"iteration":299,"passed_time":168.3694095,"remaining_time":56.1231365},
{"learn":[0.1869507271],"iteration":300,"passed_time":168.7696507,"remaining_time":55.50895487},
{"learn":[0.1862659546],"iteration":301,"passed_time":168.9838122,"remaining_time":54.8358066},
{"learn":[0.1859025265],"iteration":302,"passed_time":169.3596054,"remaining_time":54.21743144},
{"learn":[0.1852968479],"iteration":303,"passed_time":169.6125498,"remaining_time":53.56185782},
{"learn":[0.1848773015],"iteration":304,"passed_time":170.004859,"remaining_time":52.95233315},
{"learn":[0.1844793413],"iteration":305,"passed_time":170.2778633,"remaining_time":52.30757893},
{"learn":[0.18409928],"iteration":306,"passed_time":170.6883112,"remaining_time":51.70688254},
{"learn":[0.1836666565],"iteration":307,"passed_time":170.9142114,"remaining_time":51.0522969},
{"learn":[0.1831088283],"iteration":308,"passed_time":171.1299715,"remaining_time":50.3974997},
{"learn":[0.1827783779],"iteration":309,"passed_time":171.4149521,"remaining_time":49.76563125},
{"learn":[0.1823621733],"iteration":310,"passed_time":171.7930355,"remaining_time":49.16263717},
{"learn":[0.1820867242],"iteration":311,"passed_time":172.0627475,"remaining_time":48.53051852},
{"learn":[0.1818144858],"iteration":312,"passed_time":172.477869,"remaining_time":47.94113292},
{"learn":[0.1814270938],"iteration":313,"passed_time":172.9565689,"remaining_time":47.37027046},
{"learn":[0.1810228084],"iteration":314,"passed_time":173.4006087,"remaining_time":46.79064044},
{"learn":[0.1805416359],"iteration":315,"passed_time":173.7979039,"remaining_time":46.19944282},
{"learn":[0.1803469301],"iteration":316,"passed_time":174.1144051,"remaining_time":45.58831427},
{"learn":[0.1795002392],"iteration":317,"passed_time":174.3963485,"remaining_time":44.9701276},
{"learn":[0.1786958026],"iteration":318,"passed_time":174.6578887,"remaining_time":44.3488683},
{"learn":[0.178198009],"iteration":319,"passed_time":174.8933795,"remaining_time":43.72334487},
{"learn":[0.1776725695],"iteration":320,"passed_time":175.11165,"remaining_time":43.09601356},
{"learn":[0.1771255808],"iteration":321,"passed_time":175.3678113,"remaining_time":42.48040149},
{"learn":[0.1766537419],"iteration":322,"passed_time":175.5891973,"remaining_time":41.85872506},
{"learn":[0.1756989193],"iteration":323,"passed_time":175.847455,"remaining_time":41.24816846},
{"learn":[0.175510591],"iteration":324,"passed_time":176.1685545,"remaining_time":40.6542818},
{"learn":[0.1750350682],"iteration":325,"passed_time":176.4249777,"remaining_time":40.04738757},
{"learn":[0.1742684767],"iteration":326,"passed_time":176.6297752,"remaining_time":39.4311119},
{"learn":[0.1738848721],"iteration":327,"passed_time":176.8396684,"remaining_time":38.81846379},
{"learn":[0.1732684448],"iteration":328,"passed_time":177.1050691,"remaining_time":38.22024288},
{"learn":[0.1726172816],"iteration":329,"passed_time":177.3634238,"remaining_time":37.62254444},
{"learn":[0.1723123151],"iteration":330,"passed_time":177.5535507,"remaining_time":37.01267371},
{"learn":[0.1717938649],"iteration":331,"passed_time":177.7139343,"remaining_time":36.39923956},
{"learn":[0.1713689572],"iteration":332,"passed_time":177.8740011,"remaining_time":35.78846269},
{"learn":[0.1707919083],"iteration":333,"passed_time":178.0097463,"remaining_time":35.17557861},
{"learn":[0.1704463991],"iteration":334,"passed_time":178.203005,"remaining_time":34.57670246},
{"learn":[0.1700239872],"iteration":335,"passed_time":178.4959168,"remaining_time":33.99922225},
{"learn":[0.169747489],"iteration":336,"passed_time":178.7230514,"remaining_time":33.41113424},
{"learn":[0.1693299575],"iteration":337,"passed_time":178.8781931,"remaining_time":32.81197626},
{"learn":[0.1691224393],"iteration":338,"passed_time":179.1781609,"remaining_time":32.24149797},
{"learn":[0.1687619678],"iteration":339,"passed_time":179.4092396,"remaining_time":31.66045406},
{"learn":[0.1681002017],"iteration":340,"passed_time":179.5555631,"remaining_time":31.0667983},
{"learn":[0.1678629178],"iteration":341,"passed_time":179.7236786,"remaining_time":30.47945426},
{"learn":[0.1676354054],"iteration":342,"passed_time":179.8541579,"remaining_time":29.88830029},
{"learn":[0.1671684193],"iteration":343,"passed_time":179.9839847,"remaining_time":29.29971843},
{"learn":[0.1666616094],"iteration":344,"passed_time":180.2041156,"remaining_time":28.72819235},
{"learn":[0.1661451567],"iteration":345,"passed_time":180.3461876,"remaining_time":28.14651483},
{"learn":[0.1656916374],"iteration":346,"passed_time":180.4478543,"remaining_time":27.56119965},
{"learn":[0.1651665715],"iteration":347,"passed_time":180.6014418,"remaining_time":26.98642235},
{"learn":[0.1648761593],"iteration":348,"passed_time":180.7174563,"remaining_time":26.40856811},
{"learn":[0.164308261],"iteration":349,"passed_time":180.8269403,"remaining_time":25.83242005},
{"learn":[0.1637124641],"iteration":350,"passed_time":180.9355124,"remaining_time":25.25880372},
{"learn":[0.163462654],"iteration":351,"passed_time":181.047778,"remaining_time":24.68833337},
{"learn":[0.1631714187],"iteration":352,"passed_time":181.2083934,"remaining_time":24.12689657},
{"learn":[0.1627604045],"iteration":353,"passed_time":181.3699509,"remaining_time":23.56784673},
{"learn":[0.1621542301],"iteration":354,"passed_time":181.4840924,"remaining_time":23.0050258},
{"learn":[0.1616847948],"iteration":355,"passed_time":181.5901515,"remaining_time":22.44372659},
{"learn":[0.1614545385],"iteration":356,"passed_time":181.7986882,"remaining_time":21.89732099},
{"learn":[0.1612960232],"iteration":357,"passed_time":181.9375742,"remaining_time":21.34463161},
{"learn":[0.161048132],"iteration":358,"passed_time":182.0951994,"remaining_time":20.79638767},
{"learn":[0.1606674192],"iteration":359,"passed_time":182.1995393,"remaining_time":20.24439326},
{"learn":[0.1602552914],"iteration":360,"passed_time":182.3440599,"remaining_time":19.69921976},
{"learn":[0.1599204959],"iteration":361,"passed_time":182.4900204,"remaining_time":19.15641098},
{"learn":[0.1594751099],"iteration":362,"passed_time":182.8273165,"remaining_time":18.63529121},
{"learn":[0.1591605285],"iteration":363,"passed_time":183.0391182,"remaining_time":18.10276993},
{"learn":[0.1588676942],"iteration":364,"passed_time":183.269238,"remaining_time":17.57376255},
{"learn":[0.158659266],"iteration":365,"passed_time":183.3917203,"remaining_time":17.03638932},
{"learn":[0.1582802016],"iteration":366,"passed_time":183.4974983,"remaining_time":16.49977506},
{"learn":[0.1579636097],"iteration":367,"passed_time":183.5983835,"remaining_time":15.96507682},
{"learn":[0.1576586546],"iteration":368,"passed_time":183.743444,"remaining_time":15.43644109},
{"learn":[0.1569177338],"iteration":369,"passed_time":183.8516698,"remaining_time":14.90689214},
{"learn":[0.1562669692],"iteration":370,"passed_time":183.9524309,"remaining_time":14.37903099},
{"learn":[0.1557026174],"iteration":371,"passed_time":184.0585868,"remaining_time":13.85387213},
{"learn":[0.155451815],"iteration":372,"passed_time":184.2739576,"remaining_time":13.33886556},
{"learn":[0.1551975762],"iteration":373,"passed_time":184.4223953,"remaining_time":12.82080823},
{"learn":[0.1546546726],"iteration":374,"passed_time":184.556568,"remaining_time":12.3037712},
{"learn":[0.1543596111],"iteration":375,"passed_time":184.662892,"remaining_time":11.78699311},
{"learn":[0.1540628064],"iteration":376,"passed_time":184.7698568,"remaining_time":11.27243158},
{"learn":[0.1536450492],"iteration":377,"passed_time":184.8643678,"remaining_time":10.75930183},
{"learn":[0.1532830658],"iteration":378,"passed_time":184.9855932,"remaining_time":10.24986136},
{"learn":[0.1531579375],"iteration":379,"passed_time":185.2025823,"remaining_time":9.747504333},
{"learn":[0.1525763027],"iteration":380,"passed_time":185.3082044,"remaining_time":9.24109156},
{"learn":[0.1520125759],"iteration":381,"passed_time":185.4034499,"remaining_time":8.736288215},
{"learn":[0.1516290674],"iteration":382,"passed_time":185.514462,"remaining_time":8.234323377},
{"learn":[0.151450162],"iteration":383,"passed_time":185.6178481,"remaining_time":7.734077003},
{"learn":[0.1509726394],"iteration":384,"passed_time":185.7010842,"remaining_time":7.235107176},
{"learn":[0.150662214],"iteration":385,"passed_time":185.7856568,"remaining_time":6.738339885},
{"learn":[0.1501972399],"iteration":386,"passed_time":185.8757458,"remaining_time":6.243888103},
{"learn":[0.1498377864],"iteration":387,"passed_time":186.0563644,"remaining_time":5.754320549},
{"learn":[0.1494835469],"iteration":388,"passed_time":186.202924,"remaining_time":5.265378313},
{"learn":[0.1490860552],"iteration":389,"passed_time":186.3383845,"remaining_time":4.777907294},
{"learn":[0.1488159249],"iteration":390,"passed_time":186.4335089,"remaining_time":4.29130839},
{"learn":[0.148507659],"iteration":391,"passed_time":186.5423538,"remaining_time":3.806986812},
{"learn":[0.1481548571],"iteration":392,"passed_time":186.6268688,"remaining_time":3.324142701},
{"learn":[0.1477934066],"iteration":393,"passed_time":186.7223076,"remaining_time":2.843486918},
{"learn":[0.1476034166],"iteration":394,"passed_time":186.8296845,"remaining_time":2.364932715},
{"learn":[0.147192136],"iteration":395,"passed_time":186.9207344,"remaining_time":1.888088226},
{"learn":[0.1468451973],"iteration":396,"passed_time":187.0024082,"remaining_time":1.413116435},
{"learn":[0.1464817033],"iteration":397,"passed_time":187.0755884,"remaining_time":0.9400783337},
{"learn":[0.1460208082],"iteration":398,"passed_time":187.209405,"remaining_time":0.4691965038},
{"learn":[0.1455409922],"iteration":399,"passed_time":187.3207668,"remaining_time":0}
]}me":0}
]}:0}
]}